year,pct_early,pct_day,pct_mail
2018,28.62510587924906,64.3098842618307,7.065009858920241
2020,32.39958116976125,14.393206520844378,49.48867808352239
2022,21.57631200216589,59.116031861383036,19.307656136451076
